,state,tot_cases,new_case,tot_death
0,KY,5245,115.0,261
1,NH,101,23.0,1
2,OK,205999,0.0,1752
3,RI,31944,499.0,1192
4,MD,103523,624.0,3685
5,IA,7145,302.0,162
6,UT,0,0.0,0
7,NJ,29,6.0,1
8,MP,69,0.0,2
9,NE,18346,125.0,260
10,CA,10,0.0,0
11,PA,85988,492.0,6614
12,WV,1224,29.0,50
13,DE,29755,203.0,742
14,FSM,0,0.0,0
15,CA,12024,2833.0,270
16,WY,0,0.0,0
17,NJ,295012,4856.0,16548
18,WA,130040,2309.0,2519
19,MA,0,0.0,0
20,TN,143937,1854.0,1567
21,MS,70930,944.0,2043
22,VI,1378,16.0,21
23,DE,26603,345.0,718
24,GA,11,3.0,0
25,LA,57081,845.0,3199
26,WY,38223,338.0,299
27,NV,46021,870.0,806
28,ME,3958,21.0,123
29,NH,214,27.0,2
30,MP,14,0.0,2
31,AR,161521,2212.0,2522
32,MO,0,0.0,0
33,MD,232009,3538.0,5100
34,MS,64400,956.0,1825
35,GA,416217,2802.0,8881
36,HI,12768,69.0,142
37,SD,7572,48.0,109
38,IA,207675,3700.0,2160
39,IA,264758,2200.0,3451
40,AZ,194920,915.0,4529
41,DE,12879,-99.0,517
42,IN,110759,1076.0,3503
43,MP,0,0.0,0
44,NV,10030,225.0,444
45,DE,22465,71.0,660
46,OR,3864,47.0,147
47,OR,0,0.0,0
48,OR,75,10.0,3
49,RI,0,0.0,0
50,FSM,1,0.0,0
51,HI,17751,43.0,242
52,SC,20811,575.0,647
53,PR,55532,935.0,1184
54,RMI,0,0.0,0
55,RMI,4,0.0,0
56,GU,7579,0.0,129
57,PR,42660,64.0,617
58,GU,7308,0.0,121
59,VA,565270,1155.0,7486
60,ND,9736,262.0,135
61,ID,45082,660.0,492
62,WA,27192,408.0,1245
63,ND,0,0.0,0
64,AK,35720,757.0,142
65,VT,1749,4.0,58
66,MN,431944,2374.0,5688
67,VT,628,23.0,23
68,NY,164,27.0,0
69,NJ,0,0.0,0
70,TX,1715978,32552.0,26762
71,OK,169762,7389.0,1592
72,AZ,18,5.0,0
73,CT,223422,1878.0,6594
74,WI,0,0.0,0
75,WI,281910,4407.0,2392
76,ND,91222,274.0,1264
77,MP,96,0.0,2
78,UT,65044,650.0,443
79,IN,129677,1450.0,3742
80,NYC,462668,5299.0,25363
81,WV,11575,163.0,247
82,IN,66154,901.0,2965
83,WV,21057,323.0,418
84,AL,449086,3177.0,7172
85,KS,36856,966.0,419
86,KS,153021,5224.0,1529
87,PW,0,0.0,0
88,IL,812430,8256.0,14613
89,DE,85090,358.0,1368
90,AS,3,0.0,0
91,FL,0,0.0,0
92,NM,44904,1078.0,994
93,ID,0,0.0,0
94,SC,67840,2061.0,1217
95,DE,2075,61.0,52
96,NYC,232789,217.0,23646
97,WV,4657,100.0,99
98,ND,0,0.0,0
99,PR,0,0.0,0
100,FL,673194,3510.0,13287
101,SC,5869,110.0,239
102,IN,113337,711.0,3530
103,NJ,200405,476.0,16027
104,NJ,102196,2207.0,5617
105,PW,0,0.0,0
106,OH,102826,1095.0,3708
107,WI,56079,1091.0,926
108,NV,2087,134.0,71
109,SD,102132,448.0,1544
110,MD,334519,2166.0,6735
111,PA,166552,1309.0,8272
112,UT,96643,1081.0,551
113,UT,0,0.0,0
114,OH,821507,7065.0,10135
115,CT,16809,925.0,1036
116,VA,417839,5294.0,5626
117,AL,44909,0.0,1009
118,IA,2513,181.0,74
119,MT,5659,118.0,82
120,GU,122,11.0,4
121,MO,338604,3900.0,4481
122,MA,7738,1118.0,122
123,RMI,0,0.0,0
124,DC,27710,274.0,762
125,OH,704,140.0,10
126,RI,3529,160.0,87
127,SC,6188,203.0,260
128,KY,8426,140.0,391
129,MA,316824,3995.0,11613
130,KY,43,8.0,2
131,NH,31875,919.0,604
132,MP,38,1.0,2
133,CT,46717,0.0,4335
134,PA,479,108.0,2
135,TN,625237,7588.0,7381
136,PW,0,0.0,0
137,AZ,177022,3012.0,3747
138,MO,437549,1350.0,6254
139,WY,6770,141.0,53
140,MD,0,0.0,0
141,AZ,3539,146.0,115
142,MI,29263,1204.0,2093
143,SD,21541,408.0,218
144,CO,41698,639.0,1771
145,PR,0,0.0,0
146,TN,670482,4983.0,8232
147,ID,0,0.0,0
148,MO,2367,76.0,34
149,NYC,0,0.0,0
150,OH,0,0.0,0
151,DC,0,0.0,0
152,IL,848904,7216.0,15339
153,AR,0,0.0,0
154,NH,55,11.0,0
155,DC,11571,42.0,581
156,FSM,0,0.0,0
157,FL,663234,2288.0,12939
158,DC,0,0.0,0
159,VI,1544,6.0,23
160,OR,136839,866.0,1865
161,OK,69738,444.0,853
162,MI,482815,4644.0,11588
163,GU,2934,66.0,57
164,ND,18508,264.0,196
165,RMI,0,0.0,0
166,CO,53901,270.0,1900
167,TX,7276,464.0,140
168,UT,7595,136.0,91
169,CT,45349,114.0,4210
170,NJ,148219,1720.0,10435
171,RI,23932,312.0,1097
172,VI,0,0.0,0
173,TN,14512,346.0,241
174,OR,111227,682.0,1449
175,MS,190411,2507.0,4354
176,GA,221951,3162.0,4199
177,NV,274951,1078.0,4181
178,SC,174705,866.0,3945
179,GA,487978,5839.0,9648
180,ID,15822,556.0,126
181,ME,3499,0.0,111
182,MT,612,3.0,19
183,RMI,1,0.0,0
184,HI,7540,306.0,51
185,ID,167945,462.0,1806
186,AZ,520207,7718.0,8864
187,WI,594217,1296.0,6480
188,WV,0,0.0,0
189,GA,870828,3917.0,13303
190,KS,179803,0.0,1941
191,PA,106625,1054.0,7114
192,MI,296840,7886.0,8511
193,AK,374,2.0,10
194,OH,399808,17065.0,6346
195,ME,5816,36.0,143
196,AL,301533,3638.0,4124
197,MN,78966,1881.0,1899
198,OR,40810,367.0,646
199,DE,21125,188.0,645
200,OH,406703,6895.0,6378
201,PA,150812,234.0,8004
202,CO,74922,731.0,2085
203,NJ,171476,412.0,14914
204,AS,3,0.0,0
205,SC,129994,670.0,3040
206,AK,399,0.0,10
207,PW,0,0.0,0
208,HI,576,4.0,10
209,SD,18869,173.0,202
210,PR,0,0.0,0
211,MO,271527,9091.0,3559
212,DE,4734,79.0,152
213,PA,703265,10178.0,17394
214,VI,1318,0.0,20
215,GA,8,6.0,0
216,NJ,262100,2575.0,16403
217,DE,0,0.0,0
218,ND,98155,49.0,1428
219,NYC,709551,3468.0,29026
220,SC,0,0.0,0
221,TX,27054,883.0,732
222,MA,132533,435.0,9195
223,SD,5367,90.0,65
224,SC,37541,1980.0,797
225,FSM,0,0.0,0
226,IL,138224,462.0,6875
227,KS,153021,0.0,1529
228,ND,2422,-35.0,54
229,AS,0,0.0,0
230,CT,82987,1524.0,4707
231,FL,698051,1880.0,14317
232,VI,69,0.0,6
233,PR,7189,123.0,153
234,WV,8564,107.0,160
235,ME,907,19.0,39
236,PW,0,0.0,0
237,VT,0,0,0
238,CT,45715,158.0,4251
239,MN,322312,3549.0,3674
240,VI,1351,3.0,21
241,CT,41762,203.0,3868
242,MD,377628,662.0,7762
243,IA,300304,1898.0,4232
244,WI,70246,699.0,1046
245,FL,705938,2726.0,14628
246,PR,32550,562.0,428
247,ID,2699,15.0,81
248,NE,192040,1090.0,1931
249,OK,290319,1065.0,2413
250,AL,0,0,0
251,HI,17708,81.0,242
252,MO,15585,195.0,872
253,CA,5739,480.0,137
254,DE,17535,0.0,605
255,NY,233558,1098.0,9177
256,IN,139269,1165.0,3836
257,FSM,0,0.0,0
258,AK,625,15.0,12
259,NJ,219187,960.0,16171
260,MN,474621,452.0,6448
261,HI,16677,100.0,222
262,NH,0,0.0,0
263,GA,576537,8141.0,10332
264,GA,168460,3822.0,3495
265,DE,23687,0.0,678
266,ID,144843,1538.0,1471
267,OK,0,0.0,0
268,NYC,691292,4929.0,28688
269,NE,139834,1266.0,1205
270,NH,4795,46.0,265
271,HI,14653,35.0,211
272,ME,0,0.0,0
273,OH,899079,3287.0,11230
274,DE,0,0.0,0
275,NV,5007,109.0,252
276,NE,16633,120.0,216
277,NE,194168,446.0,1978
278,IA,25275,421.0,681
279,CO,6365,163.0,250
280,MI,66269,184.0,6034
281,IA,22,6.0,0
282,OH,50,13.0,0
283,VT,1338,4.0,56
284,NV,289880,488.0,4805
285,NH,71964,749.0,1148
286,AZ,145183,1559.0,2784
287,WV,22223,317.0,424
288,PW,0,0.0,0
289,TX,1168925,13598.0,20296
290,NV,284590,548.0,4522
291,HI,14501,89.0,211
292,MO,135651,1068.0,2236
293,VT,1616,27.0,58
294,NJ,0,0.0,0
295,IN,25473,346.0,1619
296,KY,29386,659.0,731
297,PA,38652,1599.0,1492
298,SC,266669,2944.0,4980
299,MS,223677,1616.0,4884
300,SD,28,7.0,1
301,SD,21997,259.0,223
302,AL,0,0.0,0
303,OK,565,84.0,23
304,MP,22,0.0,2
305,SD,9605,128.0,146
306,ME,8944,153.0,165
307,VA,510380,2740.0,6517
308,WI,4620,121.0,242
309,NJ,0,0.0,0
310,DE,55057,584.0,897
311,WI,5,2.0,0
312,IN,0,0.0,0
313,RMI,0,0.0,0
314,NY,193028,267.0,8879
315,NY,627340,12548.0,13551
316,ME,3975,5.0,123
317,WA,55803,808.0,1564
318,NV,17397,821.0,522
319,RMI,0,0.0,0
320,ME,6387,76.0,146
321,GA,322650,1385.0,6604
322,FL,1637296,9466.0,25673
323,WY,4346,49.0,42
324,MD,27117,709.0,1390
325,RMI,0,0.0,0
326,WY,53683,0.0,662
327,WI,20571,322.0,645
328,OH,23697,681.0,1331
329,CA,64561,2049.0,2678
330,AS,3,0.0,0
331,RMI,4,0.0,0
332,NJ,736330,3656.0,22329
333,MD,69904,272.0,3246
334,NYC,206322,476.0,22076
335,RI,1414,244.0,30
336,WY,10119,271.0,68
337,DE,18308,0.0,609
338,ID,32927,263.0,372
339,OK,77208,869.0,905
340,KS,36856,0.0,419
341,CT,33554,570.0,2967
342,VI,1538,0.0,23
343,IL,863477,7359.0,15587
344,OK,416213,1111.0,4034
345,WY,669,7.0,7
346,NM,2823,97.0,104
347,MT,98100,200.0,1337
348,CA,757778,2855.0,14385
349,VA,288309,3160.0,4470
350,LA,190,53.0,4
351,UT,3782,60.0,39
352,CT,68099,2047.0,4589
353,NY,225406,848.0,9117
354,RMI,4,0.0,0
355,NH,0,0.0,0
356,KS,56592,0.0,632
357,RI,92708,4759.0,1855
358,NY,189866,359.0,8841
359,FSM,0,0.0,0
360,OK,31,12.0,0
361,TX,1296972,18540.0,21549
362,AK,300,7.0,9
363,TX,2392443,31811.0,36539
364,OR,0,0.0,0
365,CO,386285,1319.0,5505
366,WI,226705,5146.0,2003
367,PR,41119,667.0,914
368,MA,160394,1137.0,9908
369,PA,82186,0.0,6426
370,ME,3758,21.0,118
371,KY,0,0.0,0
372,MD,66777,327.0,3168
373,VI,1469,0.0,23
374,AR,20257,439.0,265
375,AK,0,0.0,0
376,FSM,0,0.0,0
377,ND,1994,63.0,45
378,MI,98213,907.0,6533
379,WV,75936,1199.0,1194
380,UT,103117,1608.0,568
381,CA,62512,1898.0,2585
382,VT,14608,115.0,198
383,RMI,0,0.0,0
384,GA,18416,843.0,782
385,VA,460,69.0,13
386,IA,331221,714.0,5321
387,WV,130139,285.0,2274
388,AK,3484,35.0,25
389,PW,0,0.0,0
390,DE,78982,286.0,1130
391,HI,2424,207.0,26
392,AZ,16783,222.0,807
393,KS,281562,2647.0,4101
394,IN,13680,641.0,741
395,PW,0,0.0,0
396,VI,0,0.0,0
397,NY,883994,3356.0,17555
398,MN,402519,1508.0,5030
399,MI,251872,6620.0,8136
400,TN,24990,447.0,403
401,AK,20207,495.0,96
402,MN,0,0.0,0
403,NE,0,0.0,0
404,IL,3,1.0,0
405,SC,203196,1765.0,4304
406,AZ,14566,396.0,704
407,IN,71015,1040.0,3013
408,CA,846579,3803.0,16564
409,HI,8313,200.0,62
410,CO,83230,1312.0,2172
411,TX,2125552,11590.0,32084
412,FL,1822644,6536.0,29692
413,AL,135565,1148.0,2301
414,ID,2419,30.0,73
415,RI,101393,786.0,1970
416,CO,58287,268.0,1955
417,MN,0,0.0,0
418,AZ,401,75.0,6
419,NE,412,45.0,8
420,AL,0,0.0,0
421,CO,58655,368.0,1966
422,MS,187904,2261.0,4320
423,TX,55971,623.0,1527
424,HI,24201,122.0,329
425,GA,137102,4233.0,3132
426,NV,282493,897.0,4463
427,PA,163535,2251.0,8216
428,OK,276095,0.0,2291
429,GA,301835,2214.0,6204
430,IL,1046030,5862.0,19617
431,NV,82204,392.0,1665
432,UT,326221,1302.0,1507
433,SC,16,3.0,0
434,PA,555844,7355.0,13924
435,MS,143180,779.0,3676
436,PW,0,0.0,0
437,FSM,0,0.0,0
438,GA,55,16.0,0
439,WY,3468,38.0,34
440,DE,26,10.0,0
441,AZ,504423,10086.0,8469
442,VI,741,7.0,9
443,PW,0,0.0,0
444,SD,101684,608.0,1519
445,SC,135478,599.0,3179
446,PR,73658,431.0,1456
447,MT,332,12.0,6
448,NYC,221089,270.0,23336
449,MN,0,0.0,0
450,IL,7695,715.0,157
451,ME,3252,31.0,105
452,ID,10505,577.0,102
453,AL,420681,3153.0,6119
454,NC,58867,1649.0,1303
455,NJ,47437,3021.0,1504
456,KY,0,0.0,0
457,WI,19400,483.0,616
458,GA,969702,2895.0,16174
459,MN,384164,2323.0,4542
460,PR,73227,784.0,1445
461,MT,573,12.0,18
462,KS,284894,0.0,4303
463,NE,41785,397.0,461
464,AZ,245946,1901.0,5979
465,WI,31033,326.0,784
466,VI,80,4.0,6
467,NYC,49707,1245.0,1562
468,ME,11288,23.0,191
469,NH,15029,358.0,500
470,VA,55775,444.0,1583
471,RI,21022,0.0,1030
472,AL,144962,798.0,2437
473,MO,124762,1486.0,2086
474,IA,22237,249.0,624
475,FL,0,0.0,0
476,VI,1324,2.0,20
477,CO,58019,244.0,1952
478,OH,106557,1131.0,3784
479,IN,614946,1718.0,9807
480,AS,0,0.0,0
481,HI,644,0.0,17
482,IL,132059,732.0,6441
483,WY,0,0.0,0
484,HI,469,11.0,6
485,CT,0,0.0,0
486,MO,420583,3825.0,5944
487,RI,122072,285.0,2344
488,RI,44,11.0,0
489,MO,209197,4131.0,3153
490,ID,26631,498.0,251
491,AK,1479,94.0,17
492,WV,2979,74.0,93
493,MO,0,0.0,0
494,FL,1012456,10656.0,18874
495,NE,32727,379.0,386
496,ME,10123,165.0,174
497,GU,177,2.0,5
498,OH,21576,607.0,1225
499,NH,819,31.0,21
500,ID,42048,614.0,469
501,MN,479591,555.0,6501
502,MT,0,0.0,0
503,MS,36680,393.0,1250
504,TN,1537,164.0,7
505,KY,0,0.0,0
506,OK,346621,3852.0,2858
507,AK,3613,77.0,26
508,CO,2966,339.0,69
509,OH,131992,1434.0,4298
510,MP,8,0.0,1
511,ME,70,14.0,0
512,MT,0,0.0,0
513,NV,108746,1824.0,1850
514,MP,88,0.0,2
515,NJ,201124,388.0,16034
516,LA,397276,0.0,8801
517,CA,930628,4094.0,17672
518,KS,11419,372.0,245
519,VT,990,2.0,55
520,MP,75,0.0,2
521,MS,140429,1638.0,3642
522,PR,3718,71.0,133
523,PR,6922,45.0,151
524,MO,5517,234.0,175
525,ID,164969,404.0,1758
526,KY,396018,1331.0,4426
527,IN,48008,576.0,2693
528,DE,25753,0.0,716
529,WV,97898,1896.0,1554
530,LA,41562,429.0,2883
531,AK,33291,760.0,129
532,MN,450762,1270.0,6079
533,VA,151870,1067.0,3273
534,WV,0,0.0,0
535,VT,1200,2.0,56
536,KY,19653,264.0,629
537,MN,70298,714.0,1817
538,NYC,236363,0.0,23721
539,AZ,453597,5366.0,7971
540,CT,45557,117.0,4238
541,AZ,494337,1296.0,8427
542,MO,423327,2744.0,5948
543,MA,130253,438.0,9116
544,NH,54125,977.0,885
545,MD,130159,734.0,3990
546,MP,104,0.0,2
547,ME,9117,173.0,165
548,OH,918079,3549.0,11652
549,OK,252397,11771.0,2156
550,LA,409861,0.0,9076
551,WY,43704,504.0,405
552,KS,290832,2115.0,4614
553,MI,165994,1871.0,7383
554,VA,367536,3771.0,5132
555,OR,17721,305.0,311
556,AZ,0,0.0,0
557,AZ,179497,1030.0,3779
558,RI,16459,122.0,903
559,AZ,727895,5321.0,12239
560,MO,473459,718.0,7695
561,NE,111661,2381.0,897
562,AK,412,1.0,10
563,KY,30151,765.0,735
564,RMI,0,0.0,0
565,NE,0,0.0,0
566,CA,0,0.0,0
567,VT,3161,57.0,60
568,SC,457390,3495.0,7570
569,AR,292563,1707.0,4831
570,GU,2074,0.0,31
571,HI,607,0.0,16
572,UT,6,0.0,0
573,VT,2743,92.0,59
574,FL,374920,9676.0,5345
575,GU,7547,0.0,128
576,ID,14873,571.0,119
577,RI,31024,906.0,1184
578,RI,711,30.0,14
579,TX,1573888,17907.0,25226
580,UT,346,48.0,1
581,CO,422390,1096.0,5907
582,AL,78,27.0,0
583,LA,261329,2415.0,6724
584,CT,162782,0.0,5581
585,AK,52150,199.0,260
586,IN,36578,482.0,2258
587,UT,0,0.0,0
588,DC,12959,63.0,593
589,MP,37,0.0,2
590,FSM,0,0.0,0
591,AZ,198414,311.0,4771
592,GU,0,0.0,0
593,AL,8691,12.0,343
594,TN,260672,1184.0,3353
595,AR,31114,817.0,341
596,CT,278184,1493.0,7595
597,VI,576,29.0,9
598,ME,43900,164.0,677
599,NV,271897,990.0,4029
600,WV,9395,83.0,187
601,MS,202651,2326.0,4556
602,FL,31,0.0,2
603,NC,2870,285.0,33
604,IN,0,0.0,0
605,ME,33219,440.0,507
606,WV,10110,143.0,213
607,NE,193419,352.0,1968
608,MT,1593,24.0,28
609,NM,2072,101.0,65
610,AL,2006,165.0,32
611,HI,0,0.0,0
612,OK,3,1.0,0
613,NE,169000,738.0,1672
614,MO,43050,1123.0,1201
615,MO,162723,1854.0,2657
616,PR,0,0.0,0
617,AK,1323,51.0,17
618,CT,7,4.0,0
619,OK,15645,1428.0,398
620,WV,119467,905.0,2006
621,LA,420394,0.0,9325
622,AR,295268,881.0,4868
623,AZ,1,0.0,0
624,NV,54757,838.0,947
625,DE,3200,455.0,89
626,MT,0,0.0,0
627,AZ,221070,316.0,5707
628,WY,0,0.0,0
629,VA,242481,2417.0,4113
630,MT,445,1.0,14
631,MN,62296,457.0,1726
632,UT,162028,3071.0,740
633,ND,80135,480.0,966
634,MI,55104,223.0,5266
635,MP,113,0.0,2
636,RI,109735,0.0,2083
637,MA,385351,4358.0,12609
638,UT,52508,363.0,406
639,WV,13430,234.0,294
640,LA,322181,1123.0,7585
641,LA,58095,1014.0,3221
642,AZ,793532,2426.0,14834
643,VI,1405,15.0,23
644,CA,991609,6927.0,18108
645,NJ,178551,287.0,15672
646,MS,13458,206.0,635
647,OR,29484,147.0,511
648,MS,32214,957.0,1158
649,IN,613228,2189.0,9728
650,FSM,0,0.0,0
651,AS,0,0.0,0
652,AS,0,0.0,0
653,CO,20091,356.0,1006
654,RI,19611,130.0,1014
655,WY,53086,0.0,647
656,CO,228772,3489.0,3003
657,RI,111754,2019.0,2110
658,GU,0,0.0,0
659,KS,242322,0.0,3148
660,NY,195829,371.0,8910
661,MT,300,19.0,6
662,MD,114724,646.0,3828
663,MD,121800,503.0,3909
664,FSM,1,0.0,0
665,KY,32741,544.0,752
666,RMI,0,0.0,0
667,GU,332,2.0,5
668,CO,334097,3238.0,4814
669,NY,0,0.0,0
670,HI,646,1.0,17
671,MS,11704,272.0,555
672,MO,0,0.0,0
673,AS,3,0.0,0
674,AR,386,37.0,3
675,CA,10,2.0,0
676,ND,59173,1800.0,697
677,SC,0,0.0,0
678,PA,169308,1380.0,8308
679,NE,577,54.0,15
680,PW,0,0.0,0
681,WA,366,99.0,29
682,PA,0,0.0,0
683,VA,2,2.0,0
684,NH,5450,0.0,331
685,PW,0,0.0,0
686,PR,19324,533.0,237
687,CO,104426,2412.0,2278
688,CA,769831,3630.0,14812
689,FL,1542567,10737.0,24137
690,OH,520112,10094.0,7187
691,IN,0,0.0,0
692,FSM,0,0.0,0
693,VA,210788,1954.0,3896
694,NV,0,0.0,0
695,AZ,636100,8559.0,10482
696,MI,40399,1137.0,3670
697,WY,3684,50.0,37
698,FSM,0,0.0,0
699,VA,75433,1002.0,2013
700,RMI,0,0.0,0
701,VI,0,0.0,0
702,ID,2803,34.0,82
703,WY,30761,0.0,215
704,KY,35793,539.0,783
705,FSM,0,0.0,0
706,ME,5902,37.0,145
707,AK,3711,98.0,26
708,VA,0,0.0,0
709,NH,56864,919.0,933
710,GU,1846,133.0,21
711,AS,3,0.0,0
712,AL,17649,327.0,620
713,AZ,801055,1315.0,15063
714,OR,26554,261.0,458
715,DE,9746,34.0,386
716,WA,11445,293.0,603
717,OR,0,0.0,0
718,CO,8,0.0,0
719,RMI,0,0.0,0
720,AS,0,0.0,0
721,RMI,1,0.0,0
722,TX,1581668,7780.0,25348
723,VI,51,0.0,1
724,GA,147804,2766.0,3176
725,RI,12951,156.0,532
726,CA,2345909,53341.0,26357
727,HI,597,1.0,14
728,MP,38,0.0,2
729,MA,124081,1826.0,8804
730,NJ,192380,445.0,15943
731,HI,629,1.0,17
732,SD,107380,200.0,1705
733,KS,26172,1063.0,335
734,WV,20734,215.0,413
735,HI,25742,30.0,415
736,ME,0,0.0,0
737,OH,0,0.0,0
738,MA,125159,431.0,8901
739,MN,0,0.0,0
740,NE,145774,1850.0,1329
741,PW,0,0.0,0
742,ME,4144,29.0,127
743,PA,194288,1666.0,8666
744,MD,116110,577.0,3838
745,ND,1647,76.0,40
746,FSM,0,0.0,0
747,MT,426,4.0,10
748,NY,25745,3193.0,119
749,AZ,46689,3246.0,1312
750,AS,3,0.0,0
751,DE,319,55.0,10
752,SC,118971,1121.0,2777
753,OH,941265,1915.0,16394
754,FSM,0,0.0,0
755,SD,8143,66.0,121
756,NYC,248885,652.0,23873
757,VI,1190,9.0,17
758,AK,3775,64.0,26
759,MT,8663,4.0,123
760,GA,14819,686.0,579
761,CT,235796,1662.0,6774
762,AL,0,0.0,0
763,KS,7468,0.0,164
764,OR,147932,513.0,2031
765,ME,0,0.0,0
766,FSM,0,0.0,0
767,CA,586056,11645.0,10648
768,MI,47552,414.0,4584
769,AL,0,0.0,0
770,MD,320739,2924.0,6494
771,AL,343458,1032.0,4685
772,PA,149845,1162.0,7956
773,NC,309118,3885.0,4756
774,FL,0,0.0,0
775,SD,80912,448.0,948
776,WY,776,10.0,10
777,GA,54011,1101.0,2375
778,ID,2769,38.0,82
779,NYC,162212,2347.0,17866
780,NH,18776,0.0,514
781,LA,182603,0.0,5820
782,AR,3747,82.0,88
783,MI,0,0.0,0
784,NH,20480,478.0,526
785,NJ,522259,5287.0,18952
786,WA,139543,2132.0,2619
787,KS,74456,1488.0,952
788,FL,720001,0.0,15186
789,DE,44876,1840.0,815
790,DC,39180,49.0,985
791,FSM,0,0.0,0
792,NM,10694,129.0,469
793,MA,108,13.0,0
794,AZ,143624,2359.0,2761
795,IL,712936,7873.0,12838
796,CA,22348,554.0,687
797,PR,0,0.0,0
798,GU,172,0.0,5
799,OH,43731,609.0,2667
800,MN,391889,2718.0,4782
801,WI,175227,0.0,1588
802,OR,2177,50.0,86
803,MO,0,0.0,0
804,NV,23137,491.0,560
805,WY,53900,105.0,662
806,ID,4006,0.0,89
807,SD,51151,1360.0,482
808,MN,85351,402.0,1979
809,AR,93487,654.0,1586
810,NH,11448,128.0,483
811,PA,683389,9474.0,16914
812,MA,324746,3760.0,11714
813,ME,5079,44.0,140
814,GA,0,0.0,0
815,GA,3,1.0,0
816,TX,3,3.0,0
817,MS,215811,2756.0,4787
818,RMI,0,0.0,0
819,MA,115637,363.0,8529
820,NY,0,0.0,0
821,MS,151785,1845.0,3806
822,KS,122741,7234.0,1266
823,OH,150009,1115.0,4740
824,AZ,209907,698.0,5371
825,WA,1,0.0,0
826,AR,0,0.0,0
827,MO,670,168.0,9
828,MI,0,0.0,0
829,MA,50969,4946.0,2556
830,VA,0,0.0,0
831,NY,0,0.0,0
832,SD,80464,564.0,946
833,RI,12016,181.0,468
834,AL,429655,3112.0,6283
835,WA,77235,399.0,1953
836,PR,2427,98.0,117
837,ID,29120,424.0,298
838,NV,57198,742.0,991
839,NH,6921,34.0,422
840,PR,31,8.0,2
841,PA,141290,931.0,7805
842,AK,0,0.0,0
843,WA,73879,578.0,1905
844,ME,0,0.0,0
845,OH,363304,11885.0,6020
846,ND,31978,717.0,404
847,MI,118403,1212.0,6810
848,NYC,392985,4089.0,24768
849,PA,3394,642.0,38
850,GU,346,9.0,5
851,NM,5364,152.0,231
852,MP,31,0.0,2
853,SD,0,0.0,0
854,MI,0,0.0,0
855,NM,144142,1278.0,2502
856,NJ,231746,1314.0,16245
857,CO,59920,246.0,1977
858,KY,0,0.0,0
859,MO,150554,1875.0,2442
860,RMI,0,0.0,0
861,GU,2617,67.0,49
862,IN,60598,996.0,2884
863,TX,756004,3503.0,15895
864,OR,129109,1329.0,1708
865,CA,254745,6510.0,6313
866,RMI,0,0.0,0
867,MN,0,0.0,0
868,PA,911591,2818.0,23570
869,VA,553308,1770.0,7037
870,AS,0,0.0,0
871,KY,80292,847.0,1252
872,MI,592382,2513.0,14933
873,NE,51144,1085.0,519
874,MD,124725,414.0,3949
875,NE,23818,332.0,316
876,MD,63548,319.0,3030
877,KY,955,38.0,45
878,GU,170,3.0,5
879,MN,0,0.0,0
880,DC,17,14.0,0
881,OH,55257,1091.0,2903
882,WV,109809,988.0,1784
883,FSM,1,0.0,0
884,NY,227126,952.0,9127
885,MN,394635,2746.0,4839
886,SC,8,2.0,0
887,OR,0,0.0,0
888,NV,3626,102.0,155
889,SC,15515,541.0,585
890,WV,25987,394.0,472
891,VT,962,6.0,54
892,DC,15519,46.0,631
893,CT,23100,631.0,1639
894,PW,0,0.0,0
895,UT,6675,127.0,75
896,AK,44280,290.0,199
897,SD,5742,77.0,74
898,WA,98661,460.0,2258
899,RMI,0,0.0,0
900,NE,175620,1006.0,1737
901,MP,113,0.0,2
902,TN,130458,1947.0,1326
903,VT,2462,47.0,59
904,WY,0,0.0,0
905,MI,628956,944.0,16119
906,PR,39684,817.0,599
907,SC,6899,92.0,309
908,GA,437156,3424.0,9102
909,TX,19458,535.0,495
910,GA,892957,7352.0,13827
911,DE,7373,150.0,271
912,AS,0,0.0,0
913,GA,52910,804.0,2329
914,KS,18611,0.0,284
915,PW,0,0.0,0
916,TX,507,0.0,8
917,KY,28126,525.0,719
918,NY,772569,6308.0,15618
919,PR,34492,251.0,464
920,SC,41426,2253.0,840
921,CT,12035,525.0,554
922,ME,519,20.0,12
923,AL,6539,-88.0,228
924,WY,766,12.0,10
925,MO,18868,291.0,975
926,NM,0,0.0,0
927,IL,477978,12438.0,10488
928,WA,70,31.0,10
929,DE,0,0.0,0
930,OK,54132,868.0,699
931,MP,106,0.0,2
932,LA,185822,1098.0,5890
933,KY,1693,241.0,90
934,GA,591438,3520.0,10399
935,OR,41348,538.0,649
936,AL,6071,240.0,198
937,CO,423558,1168.0,5917
938,FL,1816108,5030.0,29474
939,AL,61143,2030.0,1230
940,IA,1048,102.0,26
941,VT,1025,35.0,55
942,VA,184680,1261.0,3666
943,AL,23710,865.0,769
944,CO,26098,485.0,1443
945,VI,3,1.0,0
946,SD,6826,62.0,93
947,OH,36413,429.0,2258
948,GA,391785,1357.0,7999
949,AK,396,4.0,10
950,ME,633,17.0,19
951,DC,5170,154.0,258
952,AL,59113,1805.0,1211
953,NE,1722,74.0,38
954,NH,5991,18.0,390
955,MS,115763,447.0,3263
956,GU,7622,4.0,129
957,PA,754611,6047.0,18957
958,VA,0,0.0,0
959,FL,65779,1331.0,2801
960,LA,0,0.0,0
961,CT,259372,0.0,7214
962,AK,53991,182.0,278
963,WA,55803,0.0,1564
964,IA,0,0.0,0
965,NM,1345,100.0,31
966,AR,3469,38.0,80
967,RMI,0,0.0,0
968,AR,738,59.0,12
969,NY,891374,3542.0,17674
970,NYC,292718,1930.0,24188
971,SD,0,0.0,0
972,AZ,507222,2799.0,8640
973,AZ,34458,1540.0,1183
974,PR,83119,489.0,1630
975,ND,341,10.0,9
976,OK,8251,20.0,371
977,PR,788,63.0,42
978,NV,0,0.0,0
979,MN,19005,1335.0,851
980,AL,195929,1037.0,2987
981,WY,43146,482.0,373
982,VA,206763,2125.0,3835
983,WI,30227,559.0,784
984,GU,4466,0.0,76
985,KY,3373,181.0,185
986,NM,183781,446.0,3658
987,PW,0,0.0,0
988,AL,999,52.0,13
989,RI,38009,1629.0,1233
990,NH,9917,89.0,469
991,NJ,616032,6311.0,20320
992,RI,95463,1611.0,1890
993,NY,231273,765.0,9164
994,SD,2040,84.0,10
995,NH,4685,34.0,245
996,FL,278667,12548.0,4277
997,VA,140512,857.0,3015
998,AS,0,0.0,0
999,IN,54813,733.0,2803
