,submission_date,state,tot_cases,tot_death
617,2020-07-10T00:00:00.000,AK,1323,17
206,2020-05-19T00:00:00.000,AK,399,10
362,2020-04-16T00:00:00.000,AK,300,9
949,2020-05-17T00:00:00.000,AK,396,10
491,2020-07-12T00:00:00.000,AK,1479,17
842,2020-01-27T00:00:00.000,AK,0,0
562,2020-05-27T00:00:00.000,AK,412,10
193,2020-05-07T00:00:00.000,AK,374,10
962,2021-02-10T00:00:00.000,AK,53991,278
375,2020-03-09T00:00:00.000,AK,0,0
401,2020-11-11T00:00:00.000,AK,20207,96
507,2020-08-08T00:00:00.000,AK,3613,26
585,2021-01-28T00:00:00.000,AK,52150,260
258,2020-06-12T00:00:00.000,AK,625,12
896,2020-12-27T00:00:00.000,AK,44280,199
758,2020-08-10T00:00:00.000,AK,3775,26
64,2020-12-06T00:00:00.000,AK,35720,142
707,2020-08-09T00:00:00.000,AK,3711,26
531,2020-12-03T00:00:00.000,AK,33291,129
388,2020-08-06T00:00:00.000,AK,3484,25
939,2020-07-16T00:00:00.000,AL,61143,1230
610,2020-04-06T00:00:00.000,AL,2006,32
593,2020-05-06T00:00:00.000,AL,8691,343
84,2021-01-27T00:00:00.000,AL,449086,7172
712,2020-05-30T00:00:00.000,AL,17649,620
936,2020-04-23T00:00:00.000,AL,6071,198
250,2020-01-22T00:00:00.000,AL,0,0
420,2020-02-24T00:00:00.000,AL,0,0
923,2020-04-27T00:00:00.000,AL,6539,228
762,2020-02-15T00:00:00.000,AL,0,0
834,2021-01-20T00:00:00.000,AL,429655,6283
117,2020-07-06T00:00:00.000,AL,44909,1009
769,2020-02-03T00:00:00.000,AL,0,0
980,2020-11-03T00:00:00.000,AL,195929,2987
771,2020-12-26T00:00:00.000,AL,343458,4685
943,2020-06-12T00:00:00.000,AL,23710,769
196,2020-12-15T00:00:00.000,AL,301533,4124
413,2020-09-10T00:00:00.000,AL,135565,2301
453,2021-01-16T00:00:00.000,AL,420681,6119
988,2020-03-31T00:00:00.000,AL,999,13
952,2020-07-15T00:00:00.000,AL,59113,1211
472,2020-09-20T00:00:00.000,AL,144962,2437
302,2020-03-07T00:00:00.000,AL,0,0
582,2020-03-19T00:00:00.000,AL,78,0
622,2021-01-31T00:00:00.000,AR,295268,4868
968,2020-04-03T00:00:00.000,AR,738,12
595,2020-07-16T00:00:00.000,AR,31114,341
809,2020-10-12T00:00:00.000,AR,93487,1586
966,2020-05-04T00:00:00.000,AR,3469,80
153,2020-02-18T00:00:00.000,AR,0,0
374,2020-06-29T00:00:00.000,AR,20257,265
569,2021-01-29T00:00:00.000,AR,292563,4831
782,2020-05-08T00:00:00.000,AR,3747,88
31,2020-12-02T00:00:00.000,AR,161521,2522
674,2020-03-27T00:00:00.000,AR,386,3
826,2020-01-29T00:00:00.000,AR,0,0
90,2020-12-28T00:00:00.000,AS,3,0
750,2020-12-18T00:00:00.000,AS,3,0
204,2021-01-02T00:00:00.000,AS,3,0
229,2020-08-03T00:00:00.000,AS,0,0
330,2020-11-30T00:00:00.000,AS,3,0
912,2020-06-09T00:00:00.000,AS,0,0
711,2020-12-16T00:00:00.000,AS,3,0
480,2020-08-25T00:00:00.000,AS,0,0
652,2020-03-04T00:00:00.000,AS,0,0
673,2021-01-22T00:00:00.000,AS,3,0
998,2020-02-13T00:00:00.000,AS,0,0
651,2020-09-30T00:00:00.000,AS,0,0
720,2020-08-24T00:00:00.000,AS,0,0
870,2020-04-22T00:00:00.000,AS,0,0
137,2020-08-01T00:00:00.000,AZ,177022,3747
824,2020-09-16T00:00:00.000,AZ,209907,5371
556,2020-01-23T00:00:00.000,AZ,0,0
749,2020-06-19T00:00:00.000,AZ,46689,1312
557,2020-08-03T00:00:00.000,AZ,179497,3779
642,2021-02-12T00:00:00.000,AZ,793532,14834
559,2021-01-25T00:00:00.000,AZ,727895,12239
794,2020-07-19T00:00:00.000,AZ,143624,2761
392,2020-05-26T00:00:00.000,AZ,16783,807
141,2020-04-12T00:00:00.000,AZ,3539,115
627,2020-10-05T00:00:00.000,AZ,221070,5707
713,2021-02-17T00:00:00.000,AZ,801055,15063
441,2020-12-28T00:00:00.000,AZ,504423,8469
973,2020-06-13T00:00:00.000,AZ,34458,1183
972,2020-12-29T00:00:00.000,AZ,507222,8640
464,2020-10-31T00:00:00.000,AZ,245946,5979
623,2020-02-03T00:00:00.000,AZ,1,0
186,2020-12-31T00:00:00.000,AZ,520207,8864
40,2020-08-18T00:00:00.000,AZ,194920,4529
286,2020-07-20T00:00:00.000,AZ,145183,2784
541,2020-12-27T00:00:00.000,AZ,494337,8427
418,2020-03-25T00:00:00.000,AZ,401,6
695,2021-01-12T00:00:00.000,AZ,636100,10482
72,2020-03-16T00:00:00.000,AZ,18,0
539,2020-12-20T00:00:00.000,AZ,453597,7971
591,2020-08-24T00:00:00.000,AZ,198414,4771
406,2020-05-19T00:00:00.000,AZ,14566,704
566,2020-01-25T00:00:00.000,CA,0,0
15,2020-04-03T00:00:00.000,CA,12024,270
348,2020-09-14T00:00:00.000,CA,757778,14385
329,2020-05-09T00:00:00.000,CA,64561,2678
408,2020-10-11T00:00:00.000,CA,846579,16564
865,2020-07-04T00:00:00.000,CA,254745,6313
796,2020-04-13T00:00:00.000,CA,22348,687
767,2020-08-12T00:00:00.000,CA,586056,10648
381,2020-05-08T00:00:00.000,CA,62512,2585
253,2020-03-29T00:00:00.000,CA,5739,137
726,2021-01-02T00:00:00.000,CA,2345909,26357
675,2020-02-21T00:00:00.000,CA,10,0
644,2020-11-12T00:00:00.000,CA,991609,18108
688,2020-09-18T00:00:00.000,CA,769831,14812
517,2020-11-02T00:00:00.000,CA,930628,17672
10,2020-02-24T00:00:00.000,CA,10,0
410,2020-10-16T00:00:00.000,CO,83230,2172
581,2021-02-23T00:00:00.000,CO,422390,5907
166,2020-08-19T00:00:00.000,CO,53901,1900
653,2020-05-12T00:00:00.000,CO,20091,1006
718,2020-03-08T00:00:00.000,CO,8,0
668,2020-12-31T00:00:00.000,CO,334097,4814
144,2020-07-22T00:00:00.000,CO,41698,1771
687,2020-10-30T00:00:00.000,CO,104426,2278
202,2020-10-07T00:00:00.000,CO,74922,2085
656,2020-11-29T00:00:00.000,CO,228772,3003
365,2021-01-24T00:00:00.000,CO,386285,5505
416,2020-09-03T00:00:00.000,CO,58287,1955
857,2020-09-09T00:00:00.000,CO,59920,1977
279,2020-04-10T00:00:00.000,CO,6365,250
944,2020-05-30T00:00:00.000,CO,26098,1443
937,2021-02-24T00:00:00.000,CO,423558,5917
508,2020-03-31T00:00:00.000,CO,2966,69
421,2020-09-04T00:00:00.000,CO,58655,1966
477,2020-09-02T00:00:00.000,CO,58019,1952
73,2021-01-15T00:00:00.000,CT,223422,6594
540,2020-06-19T00:00:00.000,CT,45557,4238
893,2020-04-23T00:00:00.000,CT,23100,1639
596,2021-02-24T00:00:00.000,CT,278184,7595
169,2020-06-16T00:00:00.000,CT,45349,4210
230,2020-11-10T00:00:00.000,CT,82987,4707
352,2020-10-26T00:00:00.000,CT,68099,4589
921,2020-04-12T00:00:00.000,CT,12035,554
618,2020-03-12T00:00:00.000,CT,7,0
341,2020-05-10T00:00:00.000,CT,33554,2967
584,2020-12-20T00:00:00.000,CT,162782,5581
133,2020-07-05T00:00:00.000,CT,46717,4335
115,2020-04-17T00:00:00.000,CT,16809,1036
961,2021-02-06T00:00:00.000,CT,259372,7214
241,2020-05-29T00:00:00.000,CT,41762,3868
238,2020-06-20T00:00:00.000,CT,45715,4251
761,2021-01-21T00:00:00.000,CT,235796,6774
485,2020-01-31T00:00:00.000,CT,0,0
951,2020-05-04T00:00:00.000,DC,5170,258
892,2020-10-04T00:00:00.000,DC,15519,631
880,2020-03-15T00:00:00.000,DC,17,0
588,2020-08-12T00:00:00.000,DC,12959,593
158,2020-02-16T00:00:00.000,DC,0,0
124,2020-12-26T00:00:00.000,DC,27710,762
790,2021-02-17T00:00:00.000,DC,39180,985
151,2020-02-08T00:00:00.000,DC,0,0
155,2020-07-23T00:00:00.000,DC,11571,581
23,2020-11-08T00:00:00.000,DE,26603,718
212,2020-04-29T00:00:00.000,DE,4734,152
929,2020-02-25T00:00:00.000,DE,0,0
751,2020-03-31T00:00:00.000,DE,319,10
217,2020-03-04T00:00:00.000,DE,0,0
45,2020-10-14T00:00:00.000,DE,22465,660
254,2020-09-01T00:00:00.000,DE,17535,605
95,2020-04-16T00:00:00.000,DE,2075,52
789,2020-12-11T00:00:00.000,DE,44876,815
911,2020-05-14T00:00:00.000,DE,7373,271
41,2020-07-12T00:00:00.000,DE,12879,517
13,2020-11-17T00:00:00.000,DE,29755,742
89,2021-02-22T00:00:00.000,DE,85090,1368
715,2020-06-03T00:00:00.000,DE,9746,386
390,2021-02-03T00:00:00.000,DE,78982,1130
274,2020-02-22T00:00:00.000,DE,0,0
265,2020-10-23T00:00:00.000,DE,23687,678
310,2020-12-27T00:00:00.000,DE,55057,897
440,2020-03-18T00:00:00.000,DE,26,0
528,2020-11-05T00:00:00.000,DE,25753,716
199,2020-10-02T00:00:00.000,DE,21125,645
625,2020-04-21T00:00:00.000,DE,3200,89
337,2020-09-08T00:00:00.000,DE,18308,609
774,2020-02-10T00:00:00.000,FL,0,0
959,2020-06-10T00:00:00.000,FL,65779,2801
996,2020-07-13T00:00:00.000,FL,278667,4277
245,2020-10-03T00:00:00.000,FL,705938,14628
475,2020-02-29T00:00:00.000,FL,0,0
100,2020-09-19T00:00:00.000,FL,673194,13287
788,2020-10-10T00:00:00.000,FL,720001,15186
322,2021-01-26T00:00:00.000,FL,1637296,25673
231,2020-09-30T00:00:00.000,FL,698051,14317
494,2020-12-03T00:00:00.000,FL,1012456,18874
602,2020-03-13T00:00:00.000,FL,31,2
91,2020-01-23T00:00:00.000,FL,0,0
689,2021-01-17T00:00:00.000,FL,1542567,24137
574,2020-07-22T00:00:00.000,FL,374920,5345
412,2021-02-19T00:00:00.000,FL,1822644,29692
157,2020-09-16T00:00:00.000,FL,663234,12939
938,2021-02-18T00:00:00.000,FL,1816108,29474
257,2020-03-13T00:00:00.000,FSM,0,0
590,2020-05-04T00:00:00.000,FSM,0,0
225,2020-05-01T00:00:00.000,FSM,0,0
705,2020-04-06T00:00:00.000,FSM,0,0
746,2020-03-15T00:00:00.000,FSM,0,0
437,2020-07-17T00:00:00.000,FSM,0,0
692,2020-03-31T00:00:00.000,FSM,0,0
754,2020-05-16T00:00:00.000,FSM,0,0
883,2021-02-16T00:00:00.000,FSM,1,0
156,2020-11-04T00:00:00.000,FSM,0,0
50,2021-01-30T00:00:00.000,FSM,1,0
650,2020-03-20T00:00:00.000,FSM,0,0
376,2020-10-25T00:00:00.000,FSM,0,0
359,2020-01-30T00:00:00.000,FSM,0,0
664,2021-02-12T00:00:00.000,FSM,1,0
791,2020-08-26T00:00:00.000,FSM,0,0
766,2020-03-08T00:00:00.000,FSM,0,0
14,2020-04-23T00:00:00.000,FSM,0,0
698,2020-09-12T00:00:00.000,FSM,0,0
321,2020-09-21T00:00:00.000,GA,322650,6604
815,2020-03-02T00:00:00.000,GA,3,0
429,2020-09-10T00:00:00.000,GA,301835,6204
777,2020-06-11T00:00:00.000,GA,54011,2375
760,2020-04-15T00:00:00.000,GA,14819,579
814,2020-01-26T00:00:00.000,GA,0,0
264,2020-07-25T00:00:00.000,GA,168460,3495
908,2020-11-19T00:00:00.000,GA,437156,9102
910,2021-01-28T00:00:00.000,GA,892957,13827
913,2020-06-10T00:00:00.000,GA,52910,2329
425,2020-07-17T00:00:00.000,GA,137102,3132
35,2020-11-12T00:00:00.000,GA,416217,8881
934,2020-12-21T00:00:00.000,GA,591438,10399
948,2020-11-02T00:00:00.000,GA,391785,7999
24,2020-03-07T00:00:00.000,GA,11,0
263,2020-12-18T00:00:00.000,GA,576537,10332
384,2020-04-20T00:00:00.000,GA,18416,782
458,2021-02-16T00:00:00.000,GA,969702,16174
189,2021-01-25T00:00:00.000,GA,870828,13303
176,2020-08-09T00:00:00.000,GA,221951,4199
215,2020-03-06T00:00:00.000,GA,8,0
724,2020-07-20T00:00:00.000,GA,147804,3176
179,2020-12-03T00:00:00.000,GA,487978,9648
438,2020-03-11T00:00:00.000,GA,55,0
798,2020-05-29T00:00:00.000,GU,172,5
58,2020-12-31T00:00:00.000,GU,7308,121
861,2020-10-02T00:00:00.000,GU,2617,49
850,2020-07-26T00:00:00.000,GU,346,5
163,2020-10-07T00:00:00.000,GU,2934,57
592,2020-02-19T00:00:00.000,GU,0,0
56,2021-01-29T00:00:00.000,GU,7579,129
667,2020-07-22T00:00:00.000,GU,332,5
984,2020-10-28T00:00:00.000,GU,4466,76
710,2020-09-09T00:00:00.000,GU,1846,21
878,2020-05-26T00:00:00.000,GU,170,5
575,2021-01-23T00:00:00.000,GU,7547,128
956,2021-02-03T00:00:00.000,GU,7622,129
658,2020-02-27T00:00:00.000,GU,0,0
570,2020-09-20T00:00:00.000,GU,2074,31
120,2020-04-07T00:00:00.000,GU,122,4
497,2020-06-02T00:00:00.000,GU,177,5
670,2020-06-02T00:00:00.000,HI,646,17
184,2020-08-26T00:00:00.000,HI,7540,51
36,2020-10-03T00:00:00.000,HI,12768,142
481,2020-05-31T00:00:00.000,HI,644,17
51,2020-12-01T00:00:00.000,HI,17751,242
208,2020-04-19T00:00:00.000,HI,576,10
424,2021-01-22T00:00:00.000,HI,24201,329
484,2020-04-09T00:00:00.000,HI,469,6
291,2020-10-24T00:00:00.000,HI,14501,211
611,2020-02-06T00:00:00.000,HI,0,0
409,2020-08-29T00:00:00.000,HI,8313,62
271,2020-10-26T00:00:00.000,HI,14653,211
391,2020-08-02T00:00:00.000,HI,2424,26
261,2020-11-19T00:00:00.000,HI,16677,222
727,2020-04-26T00:00:00.000,HI,597,14
735,2021-02-08T00:00:00.000,HI,25742,415
571,2020-05-01T00:00:00.000,HI,607,16
251,2020-11-30T00:00:00.000,HI,17708,242
731,2020-05-16T00:00:00.000,HI,629,17
386,2021-02-18T00:00:00.000,IA,331221,5321
278,2020-06-19T00:00:00.000,IA,25275,681
940,2020-04-07T00:00:00.000,IA,1048,26
5,2020-04-30T00:00:00.000,IA,7145,162
281,2020-03-15T00:00:00.000,IA,22,0
38,2020-11-21T00:00:00.000,IA,207675,2160
964,2020-02-16T00:00:00.000,IA,0,0
243,2021-01-13T00:00:00.000,IA,300304,4232
118,2020-04-18T00:00:00.000,IA,2513,74
474,2020-06-09T00:00:00.000,IA,22237,624
39,2020-12-18T00:00:00.000,IA,264758,3451
185,2021-02-16T00:00:00.000,ID,167945,1806
778,2020-05-28T00:00:00.000,ID,2769,82
247,2020-05-26T00:00:00.000,ID,2699,81
180,2020-07-21T00:00:00.000,ID,15822,126
338,2020-09-03T00:00:00.000,ID,32927,372
147,2020-02-06T00:00:00.000,ID,0,0
806,2020-06-21T00:00:00.000,ID,4006,89
93,2020-03-13T00:00:00.000,ID,0,0
500,2020-09-30T00:00:00.000,ID,42048,469
452,2020-07-11T00:00:00.000,ID,10505,102
702,2020-05-29T00:00:00.000,ID,2803,82
837,2020-08-20T00:00:00.000,ID,29120,298
266,2021-01-05T00:00:00.000,ID,144843,1471
525,2021-02-05T00:00:00.000,ID,164969,1758
61,2020-10-06T00:00:00.000,ID,45082,492
414,2020-05-16T00:00:00.000,ID,2419,73
490,2020-08-13T00:00:00.000,ID,26631,251
576,2020-07-19T00:00:00.000,ID,14873,119
450,2020-04-02T00:00:00.000,IL,7695,157
430,2021-01-13T00:00:00.000,IL,1046030,19617
927,2020-11-07T00:00:00.000,IL,477978,10488
88,2020-12-09T00:00:00.000,IL,812430,14613
795,2020-11-28T00:00:00.000,IL,712936,12838
343,2020-12-15T00:00:00.000,IL,863477,15587
404,2020-03-01T00:00:00.000,IL,3,0
152,2020-12-13T00:00:00.000,IL,848904,15339
226,2020-06-22T00:00:00.000,IL,138224,6875
482,2020-06-12T00:00:00.000,IL,132059,6441
394,2020-04-24T00:00:00.000,IN,13680,741
407,2020-08-06T00:00:00.000,IN,71015,3013
999,2020-07-17T00:00:00.000,IN,54813,2803
256,2020-10-14T00:00:00.000,IN,139269,3836
691,2020-01-28T00:00:00.000,IN,0,0
102,2020-09-23T00:00:00.000,IN,113337,3530
862,2020-07-24T00:00:00.000,IN,60598,2884
649,2021-01-25T00:00:00.000,IN,613228,9728
604,2020-02-25T00:00:00.000,IN,0,0
586,2020-06-05T00:00:00.000,IN,36578,2258
42,2020-09-19T00:00:00.000,IN,110759,3503
312,2020-02-13T00:00:00.000,IN,0,0
527,2020-07-05T00:00:00.000,IN,48008,2693
82,2020-07-31T00:00:00.000,IN,66154,2965
79,2020-10-08T00:00:00.000,IN,129677,3742
295,2020-05-13T00:00:00.000,IN,25473,1619
479,2021-01-26T00:00:00.000,IN,614946,9807
393,2021-02-05T00:00:00.000,KS,281562,4101
763,2020-05-14T00:00:00.000,KS,7468,164
85,2020-08-21T00:00:00.000,KS,36856,419
822,2020-11-16T00:00:00.000,KS,122741,1266
356,2020-09-27T00:00:00.000,KS,56592,632
787,2020-10-21T00:00:00.000,KS,74456,952
86,2020-11-27T00:00:00.000,KS,153021,1529
733,2020-07-27T00:00:00.000,KS,26172,335
190,2020-12-10T00:00:00.000,KS,179803,1941
659,2021-01-10T00:00:00.000,KS,242322,3148
227,2020-11-29T00:00:00.000,KS,153021,1529
552,2021-02-19T00:00:00.000,KS,290832,4614
518,2020-06-15T00:00:00.000,KS,11419,245
462,2021-02-11T00:00:00.000,KS,284894,4303
340,2020-08-22T00:00:00.000,KS,36856,419
914,2020-07-12T00:00:00.000,KS,18611,284
917,2020-07-28T00:00:00.000,KY,28126,719
933,2020-04-10T00:00:00.000,KY,1693,90
985,2020-04-22T00:00:00.000,KY,3373,185
371,2020-02-07T00:00:00.000,KY,0,0
456,2020-01-23T00:00:00.000,KY,0,0
871,2020-10-11T00:00:00.000,KY,80292,1252
858,2020-02-18T00:00:00.000,KY,0,0
704,2020-08-11T00:00:00.000,KY,35793,783
563,2020-07-31T00:00:00.000,KY,30151,735
536,2020-07-13T00:00:00.000,KY,19653,629
526,2021-02-20T00:00:00.000,KY,396018,4426
505,2020-02-29T00:00:00.000,KY,0,0
877,2020-04-05T00:00:00.000,KY,955,45
665,2020-08-05T00:00:00.000,KY,32741,752
0,2020-05-04T00:00:00.000,KY,5245,261
130,2020-03-19T00:00:00.000,KY,43,2
128,2020-05-22T00:00:00.000,KY,8426,391
296,2020-07-30T00:00:00.000,KY,29386,731
583,2020-12-10T00:00:00.000,LA,261329,6724
621,2021-02-16T00:00:00.000,LA,420394,9325
781,2020-10-24T00:00:00.000,LA,182603,5820
550,2021-02-06T00:00:00.000,LA,409861,9076
960,2020-01-23T00:00:00.000,LA,0,0
932,2020-10-28T00:00:00.000,LA,185822,5890
530,2020-06-04T00:00:00.000,LA,41562,2883
516,2021-01-30T00:00:00.000,LA,397276,8801
641,2020-06-30T00:00:00.000,LA,58095,3221
25,2020-06-29T00:00:00.000,LA,57081,3199
350,2020-03-17T00:00:00.000,LA,190,4
640,2021-01-04T00:00:00.000,LA,322181,7585
637,2021-01-04T00:00:00.000,MA,385351,12609
122,2020-04-01T00:00:00.000,MA,7738,122
129,2020-12-19T00:00:00.000,MA,316824,11613
812,2020-12-21T00:00:00.000,MA,324746,11714
222,2020-09-12T00:00:00.000,MA,132533,9195
19,2020-01-29T00:00:00.000,MA,0,0
829,2020-04-24T00:00:00.000,MA,50969,2556
543,2020-09-05T00:00:00.000,MA,130253,9116
738,2020-08-21T00:00:00.000,MA,125159,8901
368,2020-10-28T00:00:00.000,MA,160394,9908
729,2020-08-14T00:00:00.000,MA,124081,8804
819,2020-07-26T00:00:00.000,MA,115637,8529
793,2020-03-12T00:00:00.000,MA,108,0
545,2020-10-08T00:00:00.000,MD,130159,3990
324,2020-05-04T00:00:00.000,MD,27117,1390
33,2020-12-11T00:00:00.000,MD,232009,5100
242,2021-02-22T00:00:00.000,MD,377628,7762
140,2020-01-27T00:00:00.000,MD,0,0
874,2020-09-29T00:00:00.000,MD,124725,3949
333,2020-07-05T00:00:00.000,MD,69904,3246
110,2021-01-20T00:00:00.000,MD,334519,6735
876,2020-06-18T00:00:00.000,MD,63548,3030
770,2021-01-14T00:00:00.000,MD,320739,6494
4,2020-08-21T00:00:00.000,MD,103523,3685
662,2020-09-10T00:00:00.000,MD,114724,3828
744,2020-09-12T00:00:00.000,MD,116110,3838
663,2020-09-23T00:00:00.000,MD,121800,3909
372,2020-06-27T00:00:00.000,MD,66777,3168
813,2020-09-19T00:00:00.000,ME,5079,140
235,2020-04-22T00:00:00.000,ME,907,39
316,2020-08-03T00:00:00.000,ME,3975,123
844,2020-02-04T00:00:00.000,ME,0,0
706,2020-10-16T00:00:00.000,ME,5902,145
451,2020-06-29T00:00:00.000,ME,3252,105
922,2020-04-07T00:00:00.000,ME,519,12
742,2020-08-14T00:00:00.000,ME,4144,127
765,2020-02-25T00:00:00.000,ME,0,0
306,2020-11-14T00:00:00.000,ME,8944,165
272,2020-02-28T00:00:00.000,ME,0,0
468,2020-11-27T00:00:00.000,ME,11288,191
370,2020-07-23T00:00:00.000,ME,3758,118
511,2020-03-21T00:00:00.000,ME,70,0
496,2020-11-20T00:00:00.000,ME,10123,174
736,2020-02-16T00:00:00.000,ME,0,0
547,2020-11-15T00:00:00.000,ME,9117,165
598,2021-02-23T00:00:00.000,ME,43900,677
28,2020-08-01T00:00:00.000,ME,3958,123
320,2020-10-27T00:00:00.000,ME,6387,146
181,2020-07-10T00:00:00.000,ME,3499,111
195,2020-10-13T00:00:00.000,ME,5816,143
605,2021-01-15T00:00:00.000,ME,33219,507
950,2020-04-12T00:00:00.000,ME,633,19
854,2020-02-13T00:00:00.000,MI,0,0
553,2020-10-20T00:00:00.000,MI,165994,7383
280,2020-06-16T00:00:00.000,MI,66269,6034
847,2020-09-07T00:00:00.000,MI,118403,6810
783,2020-02-02T00:00:00.000,MI,0,0
192,2020-11-17T00:00:00.000,MI,296840,8511
828,2020-02-12T00:00:00.000,MI,0,0
905,2021-02-13T00:00:00.000,MI,628956,16119
378,2020-08-11T00:00:00.000,MI,98213,6533
399,2020-11-11T00:00:00.000,MI,251872,8136
872,2021-01-21T00:00:00.000,MI,592382,14933
162,2020-12-16T00:00:00.000,MI,482815,11588
768,2020-05-11T00:00:00.000,MI,47552,4584
696,2020-04-29T00:00:00.000,MI,40399,3670
142,2020-04-16T00:00:00.000,MI,29263,2093
634,2020-05-26T00:00:00.000,MI,55104,5266
459,2020-12-15T00:00:00.000,MN,384164,4542
532,2021-01-21T00:00:00.000,MN,450762,6079
808,2020-09-14T00:00:00.000,MN,85351,1979
867,2020-02-18T00:00:00.000,MN,0,0
501,2021-02-22T00:00:00.000,MN,479591,6501
885,2020-12-19T00:00:00.000,MN,394635,4839
879,2020-02-12T00:00:00.000,MN,0,0
631,2020-08-12T00:00:00.000,MN,62296,1726
398,2020-12-23T00:00:00.000,MN,402519,5030
739,2020-01-23T00:00:00.000,MN,0,0
402,2020-03-01T00:00:00.000,MN,0,0
66,2021-01-08T00:00:00.000,MN,431944,5688
800,2020-12-18T00:00:00.000,MN,391889,4782
417,2020-02-08T00:00:00.000,MN,0,0
449,2020-03-02T00:00:00.000,MN,0,0
260,2021-02-16T00:00:00.000,MN,474621,6448
979,2020-05-21T00:00:00.000,MN,19005,851
197,2020-09-03T00:00:00.000,MN,78966,1899
239,2020-12-01T00:00:00.000,MN,322312,3674
537,2020-08-23T00:00:00.000,MN,70298,1817
211,2020-11-21T00:00:00.000,MO,271527,3559
486,2021-01-09T00:00:00.000,MO,420583,5944
489,2020-11-08T00:00:00.000,MO,209197,3153
292,2020-10-07T00:00:00.000,MO,135651,2236
493,2020-01-28T00:00:00.000,MO,0,0
614,2020-07-27T00:00:00.000,MO,43050,1201
542,2021-01-10T00:00:00.000,MO,423327,5948
827,2020-03-27T00:00:00.000,MO,670,9
615,2020-10-22T00:00:00.000,MO,162723,2657
672,2020-02-09T00:00:00.000,MO,0,0
560,2021-02-17T00:00:00.000,MO,473459,7695
859,2020-10-15T00:00:00.000,MO,150554,2442
524,2020-04-18T00:00:00.000,MO,5517,175
252,2020-06-12T00:00:00.000,MO,15585,872
148,2020-04-05T00:00:00.000,MO,2367,34
121,2020-12-11T00:00:00.000,MO,338604,4481
803,2020-02-07T00:00:00.000,MO,0,0
138,2021-01-17T00:00:00.000,MO,437549,6254
925,2020-06-24T00:00:00.000,MO,18868,975
32,2020-02-08T00:00:00.000,MO,0,0
473,2020-09-29T00:00:00.000,MO,124762,2086
589,2020-07-19T00:00:00.000,MP,37,2
931,2020-12-01T00:00:00.000,MP,106,2
77,2020-11-03T00:00:00.000,MP,96,2
520,2020-10-06T00:00:00.000,MP,75,2
901,2020-12-13T00:00:00.000,MP,113,2
304,2020-05-24T00:00:00.000,MP,22,2
546,2020-11-24T00:00:00.000,MP,104,2
30,2020-05-04T00:00:00.000,MP,14,2
132,2020-07-20T00:00:00.000,MP,38,2
514,2020-10-21T00:00:00.000,MP,88,2
8,2020-09-21T00:00:00.000,MP,69,2
635,2020-12-09T00:00:00.000,MP,113,2
728,2020-07-21T00:00:00.000,MP,38,2
852,2020-07-10T00:00:00.000,MP,31,2
43,2020-02-29T00:00:00.000,MP,0,0
510,2020-04-04T00:00:00.000,MP,8,1
435,2020-11-21T00:00:00.000,MS,143180,3676
601,2020-12-23T00:00:00.000,MS,202651,4556
671,2020-05-18T00:00:00.000,MS,11704,555
955,2020-10-25T00:00:00.000,MS,115763,3263
503,2020-07-12T00:00:00.000,MS,36680,1250
34,2020-08-06T00:00:00.000,MS,64400,1825
821,2020-11-28T00:00:00.000,MS,151785,3806
646,2020-05-24T00:00:00.000,MS,13458,635
648,2020-07-07T00:00:00.000,MS,32214,1158
422,2020-12-16T00:00:00.000,MS,187904,4320
817,2020-12-30T00:00:00.000,MS,215811,4787
21,2020-08-14T00:00:00.000,MS,70930,2043
299,2021-01-03T00:00:00.000,MS,223677,4884
175,2020-12-17T00:00:00.000,MS,190411,4354
521,2020-11-19T00:00:00.000,MS,140429,3642
461,2020-06-11T00:00:00.000,MT,573,18
630,2020-04-25T00:00:00.000,MT,445,14
447,2020-04-07T00:00:00.000,MT,332,6
747,2020-04-18T00:00:00.000,MT,426,10
759,2020-09-10T00:00:00.000,MT,8663,123
502,2020-01-27T00:00:00.000,MT,0,0
608,2020-07-10T00:00:00.000,MT,1593,28
626,2020-01-24T00:00:00.000,MT,0,0
347,2021-02-18T00:00:00.000,MT,98100,1337
182,2020-06-15T00:00:00.000,MT,612,19
661,2020-04-05T00:00:00.000,MT,300,6
119,2020-08-15T00:00:00.000,MT,5659,82
512,2020-01-25T00:00:00.000,MT,0,0
603,2020-04-06T00:00:00.000,NC,2870,33
454,2020-06-26T00:00:00.000,NC,58867,1303
773,2020-11-14T00:00:00.000,NC,309118,4756
676,2020-11-11T00:00:00.000,ND,59173,697
228,2020-05-26T00:00:00.000,ND,2422,54
846,2020-10-17T00:00:00.000,ND,31978,404
76,2020-12-24T00:00:00.000,ND,91222,1264
377,2020-05-19T00:00:00.000,ND,1994,45
975,2020-04-14T00:00:00.000,ND,341,9
745,2020-05-13T00:00:00.000,ND,1647,40
164,2020-09-21T00:00:00.000,ND,18508,196
98,2020-02-09T00:00:00.000,ND,0,0
218,2021-02-06T00:00:00.000,ND,98155,1428
60,2020-08-21T00:00:00.000,ND,9736,135
63,2020-02-27T00:00:00.000,ND,0,0
633,2020-12-01T00:00:00.000,ND,80135,966
419,2020-04-06T00:00:00.000,NE,412,8
565,2020-02-16T00:00:00.000,NE,0,0
9,2020-06-25T00:00:00.000,NE,18346,260
873,2020-10-10T00:00:00.000,NE,51144,519
495,2020-08-26T00:00:00.000,NE,32727,386
248,2021-02-02T00:00:00.000,NE,192040,1931
613,2021-01-03T00:00:00.000,NE,169000,1672
561,2020-11-20T00:00:00.000,NE,111661,897
875,2020-07-23T00:00:00.000,NE,23818,316
953,2020-04-21T00:00:00.000,NE,1722,38
679,2020-04-09T00:00:00.000,NE,577,15
740,2020-12-10T00:00:00.000,NE,145774,1329
403,2020-02-22T00:00:00.000,NE,0,0
277,2021-02-08T00:00:00.000,NE,194168,1978
900,2021-01-09T00:00:00.000,NE,175620,1737
276,2020-06-13T00:00:00.000,NE,16633,216
463,2020-09-22T00:00:00.000,NE,41785,461
269,2020-12-06T00:00:00.000,NE,139834,1205
607,2021-02-05T00:00:00.000,NE,193419,1968
29,2020-03-28T00:00:00.000,NH,214,2
810,2020-11-03T00:00:00.000,NH,11448,483
954,2020-07-10T00:00:00.000,NH,5991,390
784,2020-11-29T00:00:00.000,NH,20480,526
839,2020-08-13T00:00:00.000,NH,6921,422
499,2020-04-09T00:00:00.000,NH,819,21
285,2021-02-17T00:00:00.000,NH,71964,1148
270,2020-06-03T00:00:00.000,NH,4795,265
684,2020-06-19T00:00:00.000,NH,5450,331
262,2020-02-06T00:00:00.000,NH,0,0
131,2020-12-14T00:00:00.000,NH,31875,604
544,2021-01-13T00:00:00.000,NH,54125,885
780,2020-11-26T00:00:00.000,NH,18776,514
709,2021-01-17T00:00:00.000,NH,56864,933
990,2020-10-21T00:00:00.000,NH,9917,469
995,2020-06-01T00:00:00.000,NH,4685,245
469,2020-11-16T00:00:00.000,NH,15029,500
1,2020-03-23T00:00:00.000,NH,101,1
154,2020-03-20T00:00:00.000,NH,55,0
355,2020-02-07T00:00:00.000,NH,0,0
216,2020-11-05T00:00:00.000,NJ,262100,16403
515,2020-09-14T00:00:00.000,NJ,201124,16034
69,2020-02-28T00:00:00.000,NJ,0,0
294,2020-01-26T00:00:00.000,NJ,0,0
332,2021-02-11T00:00:00.000,NJ,736330,22329
103,2020-09-12T00:00:00.000,NJ,200405,16027
170,2020-05-18T00:00:00.000,NJ,148219,10435
7,2020-03-12T00:00:00.000,NJ,29,1
455,2020-04-08T00:00:00.000,NJ,47437,1504
991,2021-01-15T00:00:00.000,NJ,616032,20320
309,2020-01-23T00:00:00.000,NJ,0,0
104,2020-04-24T00:00:00.000,NJ,102196,5617
259,2020-10-10T00:00:00.000,NJ,219187,16171
203,2020-06-26T00:00:00.000,NJ,171476,14914
645,2020-07-18T00:00:00.000,NJ,178551,15672
730,2020-08-22T00:00:00.000,NJ,192380,15943
17,2020-11-14T00:00:00.000,NJ,295012,16548
856,2020-10-21T00:00:00.000,NJ,231746,16245
785,2020-12-30T00:00:00.000,NJ,522259,18952
792,2020-06-22T00:00:00.000,NM,10694,469
609,2020-04-21T00:00:00.000,NM,2072,65
965,2020-04-13T00:00:00.000,NM,1345,31
855,2021-01-01T00:00:00.000,NM,144142,2502
92,2020-10-29T00:00:00.000,NM,44904,994
851,2020-05-13T00:00:00.000,NM,5364,231
926,2020-02-15T00:00:00.000,NM,0,0
346,2020-04-27T00:00:00.000,NM,2823,104
986,2021-02-24T00:00:00.000,NM,183781,3658
694,2020-01-27T00:00:00.000,NV,0,0
978,2020-02-03T00:00:00.000,NV,0,0
177,2021-01-28T00:00:00.000,NV,274951,4181
624,2020-08-07T00:00:00.000,NV,54757,947
108,2020-04-07T00:00:00.000,NV,2087,71
426,2021-02-05T00:00:00.000,NV,282493,4463
44,2020-06-09T00:00:00.000,NV,10030,444
290,2021-02-08T00:00:00.000,NV,284590,4522
275,2020-04-30T00:00:00.000,NV,5007,252
27,2020-07-29T00:00:00.000,NV,46021,806
804,2020-07-06T00:00:00.000,NV,23137,560
888,2020-04-18T00:00:00.000,NV,3626,155
599,2021-01-25T00:00:00.000,NV,271897,4029
284,2021-02-18T00:00:00.000,NV,289880,4805
838,2020-08-10T00:00:00.000,NV,57198,991
318,2020-06-28T00:00:00.000,NV,17397,522
513,2020-11-07T00:00:00.000,NV,108746,1850
431,2020-10-04T00:00:00.000,NV,82204,1665
315,2021-01-08T00:00:00.000,NY,627340,13551
831,2020-02-10T00:00:00.000,NY,0,0
353,2020-10-13T00:00:00.000,NY,225406,9117
397,2021-02-18T00:00:00.000,NY,883994,17555
748,2020-03-29T00:00:00.000,NY,25745,119
660,2020-08-18T00:00:00.000,NY,195829,8910
918,2021-01-25T00:00:00.000,NY,772569,15618
314,2020-08-09T00:00:00.000,NY,193028,8879
969,2021-02-20T00:00:00.000,NY,891374,17674
358,2020-07-31T00:00:00.000,NY,189866,8841
68,2020-03-11T00:00:00.000,NY,164,0
669,2020-02-14T00:00:00.000,NY,0,0
820,2020-02-09T00:00:00.000,NY,0,0
884,2020-10-15T00:00:00.000,NY,227126,9127
993,2020-10-20T00:00:00.000,NY,231273,9164
255,2020-10-22T00:00:00.000,NY,233558,9177
970,2020-11-19T00:00:00.000,NYC,292718,24188
848,2020-12-21T00:00:00.000,NYC,392985,24768
538,2020-09-05T00:00:00.000,NYC,236363,23721
268,2021-02-18T00:00:00.000,NYC,691292,28688
779,2020-04-30T00:00:00.000,NYC,162212,17866
756,2020-10-06T00:00:00.000,NYC,248885,23873
467,2020-04-02T00:00:00.000,NYC,49707,1562
219,2021-02-23T00:00:00.000,NYC,709551,29026
96,2020-08-21T00:00:00.000,NYC,232789,23646
334,2020-06-13T00:00:00.000,NYC,206322,22076
149,2020-02-11T00:00:00.000,NYC,0,0
448,2020-07-13T00:00:00.000,NYC,221089,23336
80,2021-01-05T00:00:00.000,NYC,462668,25363
125,2020-03-25T00:00:00.000,OH,704,10
799,2020-06-19T00:00:00.000,OH,43731,2667
690,2020-12-09T00:00:00.000,OH,520112,7187
273,2021-02-01T00:00:00.000,OH,899079,11230
509,2020-09-08T00:00:00.000,OH,131992,4298
282,2020-03-16T00:00:00.000,OH,50,0
150,2020-03-02T00:00:00.000,OH,0,0
498,2020-05-06T00:00:00.000,OH,21576,1225
737,2020-02-11T00:00:00.000,OH,0,0
478,2020-08-14T00:00:00.000,OH,106557,3784
753,2021-02-15T00:00:00.000,OH,941265,16394
548,2021-02-06T00:00:00.000,OH,918079,11652
881,2020-07-03T00:00:00.000,OH,55257,2903
823,2020-09-26T00:00:00.000,OH,150009,4740
200,2020-11-28T00:00:00.000,OH,406703,6378
328,2020-05-09T00:00:00.000,OH,23697,1331
947,2020-06-02T00:00:00.000,OH,36413,2258
194,2020-11-27T00:00:00.000,OH,399808,6346
845,2020-11-23T00:00:00.000,OH,363304,6020
114,2021-01-16T00:00:00.000,OH,821507,10135
106,2020-08-11T00:00:00.000,OH,102826,3708
549,2020-12-15T00:00:00.000,OK,252397,2156
506,2021-01-12T00:00:00.000,OK,346621,2858
339,2020-09-14T00:00:00.000,OK,77208,905
344,2021-02-13T00:00:00.000,OK,416213,4034
71,2020-11-17T00:00:00.000,OK,169762,1592
360,2020-03-18T00:00:00.000,OK,31,0
930,2020-08-19T00:00:00.000,OK,54132,699
976,2020-06-15T00:00:00.000,OK,8251,371
161,2020-09-06T00:00:00.000,OK,69738,853
612,2020-03-12T00:00:00.000,OK,3,0
249,2020-12-28T00:00:00.000,OK,290319,2413
303,2020-03-31T00:00:00.000,OK,565,23
267,2020-01-31T00:00:00.000,OK,0,0
619,2020-07-04T00:00:00.000,OK,15645,398
428,2020-12-24T00:00:00.000,OK,276095,2291
2,2020-12-08T00:00:00.000,OK,205999,1752
714,2020-08-30T00:00:00.000,OR,26554,458
717,2020-02-24T00:00:00.000,OR,0,0
935,2020-10-23T00:00:00.000,OR,41348,649
802,2020-04-24T00:00:00.000,OR,2177,86
46,2020-05-22T00:00:00.000,OR,3864,147
174,2020-12-29T00:00:00.000,OR,111227,1449
887,2020-02-14T00:00:00.000,OR,0,0
198,2020-10-22T00:00:00.000,OR,40810,646
47,2020-02-08T00:00:00.000,OR,0,0
764,2021-02-09T00:00:00.000,OR,147932,2031
647,2020-09-14T00:00:00.000,OR,29484,511
864,2021-01-13T00:00:00.000,OR,129109,1708
555,2020-07-29T00:00:00.000,OR,17721,311
364,2020-01-23T00:00:00.000,OR,0,0
160,2021-01-22T00:00:00.000,OR,136839,1865
48,2020-03-18T00:00:00.000,OR,75,3
134,2020-03-22T00:00:00.000,PA,479,2
849,2020-03-29T00:00:00.000,PA,3394,38
743,2020-10-25T00:00:00.000,PA,194288,8666
111,2020-10-07T00:00:00.000,PA,166552,8272
811,2021-01-06T00:00:00.000,PA,683389,16914
841,2020-09-09T00:00:00.000,PA,141290,7805
868,2021-02-20T00:00:00.000,PA,911591,23570
957,2021-01-15T00:00:00.000,PA,754611,18957
11,2020-06-28T00:00:00.000,PA,85988,6614
772,2020-09-19T00:00:00.000,PA,149845,7956
682,2020-02-22T00:00:00.000,PA,0,0
191,2020-07-24T00:00:00.000,PA,106625,7114
678,2020-10-09T00:00:00.000,PA,169308,8308
427,2020-10-04T00:00:00.000,PA,163535,8216
434,2020-12-20T00:00:00.000,PA,555844,13924
213,2021-01-08T00:00:00.000,PA,703265,17394
369,2020-06-22T00:00:00.000,PA,82186,6426
297,2020-04-24T00:00:00.000,PA,38652,1492
201,2020-09-21T00:00:00.000,PA,150812,8004
977,2020-04-11T00:00:00.000,PR,788,42
906,2020-09-17T00:00:00.000,PR,39684,599
974,2021-01-09T00:00:00.000,PR,83119,1630
686,2020-08-03T00:00:00.000,PR,19324,237
460,2020-12-26T00:00:00.000,PR,73227,1445
57,2020-09-22T00:00:00.000,PR,42660,617
919,2020-09-04T00:00:00.000,PR,34492,464
53,2020-12-04T00:00:00.000,PR,55532,1184
446,2020-12-27T00:00:00.000,PR,73658,1456
836,2020-05-14T00:00:00.000,PR,2427,117
210,2020-03-08T00:00:00.000,PR,0,0
233,2020-06-27T00:00:00.000,PR,7189,153
840,2020-03-23T00:00:00.000,PR,31,2
99,2020-03-12T00:00:00.000,PR,0,0
797,2020-01-29T00:00:00.000,PR,0,0
246,2020-08-28T00:00:00.000,PR,32550,428
145,2020-01-26T00:00:00.000,PR,0,0
523,2020-06-25T00:00:00.000,PR,6922,151
522,2020-05-30T00:00:00.000,PR,3718,133
367,2020-11-12T00:00:00.000,PR,41119,914
616,2020-02-19T00:00:00.000,PR,0,0
443,2020-07-15T00:00:00.000,PW,0,0
395,2020-03-03T00:00:00.000,PW,0,0
436,2020-03-29T00:00:00.000,PW,0,0
105,2020-05-03T00:00:00.000,PW,0,0
680,2020-07-02T00:00:00.000,PW,0,0
915,2020-02-25T00:00:00.000,PW,0,0
207,2021-01-29T00:00:00.000,PW,0,0
389,2020-11-11T00:00:00.000,PW,0,0
288,2020-03-14T00:00:00.000,PW,0,0
136,2020-11-06T00:00:00.000,PW,0,0
741,2020-01-28T00:00:00.000,PW,0,0
987,2020-11-09T00:00:00.000,PW,0,0
236,2020-02-18T00:00:00.000,PW,0,0
894,2020-02-27T00:00:00.000,PW,0,0
685,2020-06-15T00:00:00.000,PW,0,0
87,2020-08-17T00:00:00.000,PW,0,0
577,2020-10-26T00:00:00.000,RI,31024,1184
49,2020-02-14T00:00:00.000,RI,0,0
636,2021-01-24T00:00:00.000,RI,109735,2083
471,2020-08-22T00:00:00.000,RI,21022,1030
558,2020-06-22T00:00:00.000,RI,16459,903
487,2021-02-16T00:00:00.000,RI,122072,2344
488,2020-03-19T00:00:00.000,RI,44,0
833,2020-05-14T00:00:00.000,RI,12016,468
578,2020-04-03T00:00:00.000,RI,711,14
725,2020-05-19T00:00:00.000,RI,12951,532
3,2020-10-28T00:00:00.000,RI,31944,1192
415,2021-01-12T00:00:00.000,RI,101393,1970
126,2020-04-15T00:00:00.000,RI,3529,87
992,2021-01-06T00:00:00.000,RI,95463,1890
654,2020-08-06T00:00:00.000,RI,19611,1014
989,2020-11-09T00:00:00.000,RI,38009,1233
357,2021-01-04T00:00:00.000,RI,92708,1855
335,2020-04-07T00:00:00.000,RI,1414,30
171,2020-09-21T00:00:00.000,RI,23932,1097
657,2021-01-25T00:00:00.000,RI,111754,2110
818,2020-07-30T00:00:00.000,RMI,0,0
967,2020-06-26T00:00:00.000,RMI,0,0
54,2020-09-15T00:00:00.000,RMI,0,0
55,2021-02-07T00:00:00.000,RMI,4,0
354,2021-01-16T00:00:00.000,RMI,4,0
325,2020-08-09T00:00:00.000,RMI,0,0
383,2020-10-08T00:00:00.000,RMI,0,0
123,2020-08-28T00:00:00.000,RMI,0,0
700,2020-05-25T00:00:00.000,RMI,0,0
899,2020-08-02T00:00:00.000,RMI,0,0
564,2020-02-25T00:00:00.000,RMI,0,0
719,2020-05-16T00:00:00.000,RMI,0,0
860,2020-07-15T00:00:00.000,RMI,0,0
721,2020-11-04T00:00:00.000,RMI,1,0
165,2020-07-28T00:00:00.000,RMI,0,0
313,2020-07-07T00:00:00.000,RMI,0,0
866,2020-09-17T00:00:00.000,RMI,0,0
319,2020-04-06T00:00:00.000,RMI,0,0
331,2020-11-24T00:00:00.000,RMI,4,0
183,2020-11-07T00:00:00.000,RMI,1,0
666,2020-08-21T00:00:00.000,RMI,0,0
205,2020-09-07T00:00:00.000,SC,129994,3040
298,2020-12-17T00:00:00.000,SC,266669,4980
886,2020-03-11T00:00:00.000,SC,8,0
568,2021-01-31T00:00:00.000,SC,457390,7570
889,2020-06-09T00:00:00.000,SC,15515,585
433,2020-03-13T00:00:00.000,SC,16,0
101,2020-04-29T00:00:00.000,SC,5869,239
405,2020-11-20T00:00:00.000,SC,203196,4304
752,2020-08-28T00:00:00.000,SC,118971,2777
907,2020-05-06T00:00:00.000,SC,6899,309
127,2020-05-01T00:00:00.000,SC,6188,260
920,2020-07-03T00:00:00.000,SC,41426,840
94,2020-07-18T00:00:00.000,SC,67840,1217
220,2020-03-03T00:00:00.000,SC,0,0
677,2020-02-13T00:00:00.000,SC,0,0
224,2020-07-01T00:00:00.000,SC,37541,797
178,2020-10-29T00:00:00.000,SC,174705,3945
445,2020-09-14T00:00:00.000,SC,135478,3179
52,2020-06-17T00:00:00.000,SC,20811,647
732,2021-01-26T00:00:00.000,SD,107380,1705
897,2020-06-12T00:00:00.000,SD,5742,74
853,2020-01-30T00:00:00.000,SD,0,0
300,2020-03-23T00:00:00.000,SD,28,1
301,2020-09-29T00:00:00.000,SD,21997,223
109,2021-01-07T00:00:00.000,SD,102132,1544
946,2020-07-01T00:00:00.000,SD,6826,93
994,2020-04-24T00:00:00.000,SD,2040,10
143,2020-09-27T00:00:00.000,SD,21541,218
971,2020-03-03T00:00:00.000,SD,0,0
807,2020-11-05T00:00:00.000,SD,51151,482
305,2020-08-09T00:00:00.000,SD,9605,146
209,2020-09-21T00:00:00.000,SD,18869,202
755,2020-07-23T00:00:00.000,SD,8143,121
37,2020-07-14T00:00:00.000,SD,7572,109
832,2020-11-30T00:00:00.000,SD,80464,946
223,2020-06-06T00:00:00.000,SD,5367,65
444,2021-01-06T00:00:00.000,SD,101684,1519
775,2020-12-01T00:00:00.000,SD,80912,948
173,2020-05-08T00:00:00.000,TN,14512,241
504,2020-03-29T00:00:00.000,TN,1537,7
146,2021-01-14T00:00:00.000,TN,670482,8232
594,2020-10-31T00:00:00.000,TN,260672,3353
902,2020-08-14T00:00:00.000,TN,130458,1326
20,2020-08-23T00:00:00.000,TN,143937,1567
135,2021-01-06T00:00:00.000,TN,625237,7381
400,2020-06-03T00:00:00.000,TN,24990,403
411,2021-01-18T00:00:00.000,TX,2125552,32084
289,2020-11-20T00:00:00.000,TX,1168925,20296
361,2020-12-01T00:00:00.000,TX,1296972,21549
423,2020-05-25T00:00:00.000,TX,55971,1527
909,2020-04-20T00:00:00.000,TX,19458,495
916,2020-03-23T00:00:00.000,TX,507,8
863,2020-10-02T00:00:00.000,TX,756004,15895
363,2021-02-01T00:00:00.000,TX,2392443,36539
70,2020-12-29T00:00:00.000,TX,1715978,26762
722,2020-12-20T00:00:00.000,TX,1581668,25348
221,2020-04-29T00:00:00.000,TX,27054,732
816,2020-03-05T00:00:00.000,TX,3,0
167,2020-04-06T00:00:00.000,TX,7276,140
579,2020-12-19T00:00:00.000,TX,1573888,25226
351,2020-04-24T00:00:00.000,UT,3782,39
78,2020-09-22T00:00:00.000,UT,65044,443
572,2020-03-14T00:00:00.000,UT,6,0
113,2020-01-26T00:00:00.000,UT,0,0
638,2020-08-30T00:00:00.000,UT,52508,406
580,2020-03-25T00:00:00.000,UT,346,1
587,2020-01-29T00:00:00.000,UT,0,0
632,2020-11-18T00:00:00.000,UT,162028,740
432,2021-01-19T00:00:00.000,UT,326221,1507
112,2020-10-20T00:00:00.000,UT,96643,551
168,2020-05-19T00:00:00.000,UT,7595,91
895,2020-05-13T00:00:00.000,UT,6675,75
380,2020-10-24T00:00:00.000,UT,103117,568
6,2020-02-26T00:00:00.000,UT,0,0
554,2021-01-03T00:00:00.000,VA,367536,5132
699,2020-07-16T00:00:00.000,VA,75433,2013
830,2020-02-23T00:00:00.000,VA,0,0
982,2020-11-16T00:00:00.000,VA,206763,3835
958,2020-02-09T00:00:00.000,VA,0,0
116,2021-01-13T00:00:00.000,VA,417839,5626
708,2020-02-10T00:00:00.000,VA,0,0
533,2020-10-03T00:00:00.000,VA,151870,3273
59,2021-02-21T00:00:00.000,VA,565270,7486
307,2021-02-01T00:00:00.000,VA,510380,6517
869,2021-02-15T00:00:00.000,VA,553308,7037
349,2020-12-14T00:00:00.000,VA,288309,4470
683,2020-03-08T00:00:00.000,VA,2,0
629,2020-12-01T00:00:00.000,VA,242481,4113
997,2020-09-19T00:00:00.000,VA,140512,3015
470,2020-06-16T00:00:00.000,VA,55775,1583
693,2020-11-18T00:00:00.000,VA,210788,3896
385,2020-03-25T00:00:00.000,VA,460,13
942,2020-11-02T00:00:00.000,VA,184680,3666
723,2020-04-12T00:00:00.000,VI,51,1
373,2020-11-19T00:00:00.000,VI,1469,23
159,2020-11-29T00:00:00.000,VI,1544,23
232,2020-05-29T00:00:00.000,VI,69,6
597,2020-08-10T00:00:00.000,VI,576,9
22,2020-10-31T00:00:00.000,VI,1378,21
945,2020-03-18T00:00:00.000,VI,3,0
643,2020-11-07T00:00:00.000,VI,1405,23
476,2020-10-08T00:00:00.000,VI,1324,20
342,2020-11-27T00:00:00.000,VI,1538,23
396,2020-02-27T00:00:00.000,VI,0,0
442,2020-08-16T00:00:00.000,VI,741,9
172,2020-02-07T00:00:00.000,VI,0,0
466,2020-06-24T00:00:00.000,VI,80,6
757,2020-09-06T00:00:00.000,VI,1190,17
240,2020-10-27T00:00:00.000,VI,1351,21
701,2020-02-19T00:00:00.000,VI,0,0
214,2020-09-29T00:00:00.000,VI,1318,20
382,2021-02-22T00:00:00.000,VT,14608,198
941,2020-06-04T00:00:00.000,VT,1025,55
519,2020-06-03T00:00:00.000,VT,990,55
891,2020-05-25T00:00:00.000,VT,962,54
283,2020-07-18T00:00:00.000,VT,1338,56
237,2020-01-22T00:00:00.000,VT,0,0
293,2020-08-29T00:00:00.000,VT,1616,58
67,2020-04-09T00:00:00.000,VT,628,23
65,2020-09-29T00:00:00.000,VT,1749,58
535,2020-06-27T00:00:00.000,VT,1200,56
567,2020-11-18T00:00:00.000,VT,3161,60
903,2020-11-10T00:00:00.000,VT,2462,59
573,2020-11-13T00:00:00.000,VT,2743,59
18,2020-11-15T00:00:00.000,WA,130040,2519
898,2020-10-19T00:00:00.000,WA,98661,2258
963,2020-07-31T00:00:00.000,WA,55803,1564
681,2020-03-11T00:00:00.000,WA,366,29
62,2020-06-18T00:00:00.000,WA,27192,1245
716,2020-04-17T00:00:00.000,WA,11445,603
843,2020-08-29T00:00:00.000,WA,73879,1905
835,2020-09-06T00:00:00.000,WA,77235,1953
317,2020-07-30T00:00:00.000,WA,55803,1564
786,2020-11-20T00:00:00.000,WA,139543,2619
928,2020-03-05T00:00:00.000,WA,70,10
825,2020-02-15T00:00:00.000,WA,1,0
465,2020-06-29T00:00:00.000,WI,31033,784
457,2020-06-03T00:00:00.000,WI,19400,616
311,2020-03-11T00:00:00.000,WI,5,0
187,2021-02-02T00:00:00.000,WI,594217,6480
308,2020-04-21T00:00:00.000,WI,4620,242
244,2020-08-16T00:00:00.000,WI,70246,1046
74,2020-02-28T00:00:00.000,WI,0,0
801,2020-10-18T00:00:00.000,WI,175227,1588
327,2020-06-06T00:00:00.000,WI,20571,645
107,2020-07-30T00:00:00.000,WI,56079,926
366,2020-10-29T00:00:00.000,WI,226705,2003
983,2020-06-27T00:00:00.000,WI,30227,784
75,2020-11-08T00:00:00.000,WI,281910,2392
882,2021-01-18T00:00:00.000,WV,109809,1784
620,2021-01-29T00:00:00.000,WV,119467,2006
529,2021-01-08T00:00:00.000,WV,97898,1554
534,2020-03-12T00:00:00.000,WV,0,0
379,2020-12-23T00:00:00.000,WV,75936,1194
492,2020-07-01T00:00:00.000,WV,2979,93
734,2020-10-21T00:00:00.000,WV,20734,413
287,2020-10-26T00:00:00.000,WV,22223,424
97,2020-07-16T00:00:00.000,WV,4657,99
387,2021-02-23T00:00:00.000,WV,130139,2274
639,2020-09-17T00:00:00.000,WV,13430,294
890,2020-11-04T00:00:00.000,WV,25987,472
81,2020-09-07T00:00:00.000,WV,11575,247
600,2020-08-25T00:00:00.000,WV,9395,187
12,2020-05-04T00:00:00.000,WV,1224,50
606,2020-08-30T00:00:00.000,WV,10110,213
188,2020-02-01T00:00:00.000,WV,0,0
83,2020-10-22T00:00:00.000,WV,21057,418
234,2020-08-16T00:00:00.000,WV,8564,160
326,2021-02-20T00:00:00.000,WY,53683,662
139,2020-10-06T00:00:00.000,WY,6770,53
26,2020-12-10T00:00:00.000,WY,38223,299
655,2021-02-13T00:00:00.000,WY,53086,647
904,2020-01-24T00:00:00.000,WY,0,0
776,2020-05-19T00:00:00.000,WY,776,10
336,2020-10-22T00:00:00.000,WY,10119,68
323,2020-09-13T00:00:00.000,WY,4346,42
924,2020-05-18T00:00:00.000,WY,766,10
439,2020-08-20T00:00:00.000,WY,3468,34
16,2020-01-23T00:00:00.000,WY,0,0
483,2020-02-15T00:00:00.000,WY,0,0
981,2020-12-26T00:00:00.000,WY,43146,373
697,2020-08-26T00:00:00.000,WY,3684,37
345,2020-05-11T00:00:00.000,WY,669,7
551,2020-12-28T00:00:00.000,WY,43704,405
628,2020-02-20T00:00:00.000,WY,0,0
703,2020-11-26T00:00:00.000,WY,30761,215
805,2021-02-22T00:00:00.000,WY,53900,662
